age,risk
13,0
56,0
57,0.006802721
60,0.00962459055555557
66,0.024036281
67,0.024036281
68,0.03446712
98,0.03446712
