age,risk
0,0
31,0.0177592062857138
38,0.0718203184285728
40,0.12797075
43,0.135544528999998
48,0.206842517857144
64,0.349699660857121
