"age","risk"
0,0
23,0
24,0.012616202
30,0.012616202
37,0.012616202
45,0.012616202
52,0.012616202
60,0.012616202
73,0.012616202
